person,6,7,8,9,10,11,12,13,14,15,16,17,18,19,20,21,22,23,24,26,27,28,29,30,31,32,33,34,35,36,37,38,39,40,41,42,43,44,45,46,47,48,49,50,51,52,54,55,56,57,58,59,60,61,62,63,64,65,66,67,68,69,70,71,72,73,74,75,76,77,78,79,80,81,82,83,84,85,86,87,88,90,91,92,93,94,95,96,97,98,99,100,101,102,103,104,105,106,107,108,109,110,111,112,113,114,115,116,118,119,120,121,122,123,124,125,126,130,131,132,133,134,135,136,137,138,140,141,142,143,144,145,146,147,148,149,150,151,152,153,154,155,156,157,158,159,160,161,162,163,164,165,166,168,169,170,171,172,173,174,175,176,177,178,179,180,181,182,183,184,185,186,187,188,189,190,191,192,193,194,195,196,197,198,199,200,201,202,204,205,206,207,208,209,210,211,212,213,214,215,216,217,218,219,220,221,222,223,224,225,226,227,228,229,230,232,233,234,235,236,237,238,239,240,241,242,243,244,245,246,247,248,249,250,position
-16.979225,-68.496,-74.336395,-50.56094,-52.635323,-36.739998,-10.341921,10.303205,14.20747,29.753948,33.27732,33.130623,35.280743,43.986664,43.541466,38.460007,27.101736,9.413565,-10.794367,-17.554167,-39.058273,-64.65902,-54.313576,-35.309162,-37.396492,-33.110283,1.7342477,13.576923,3.2534285,31.506954,63.078957,48.009415,54.325302,27.253843,47.554302,39.747948,43.6662,41.270096,20.658411,5.91603,1.2072603,-10.086921,-19.029411,-30.727978,-40.653965,-53.132988,-50.980755,-41.90816,-39.731045,-34.087273,-8.727268,18.997677,23.654825,36.648815,-2.4886222,-7.8209686,-5.4474125,-4.493969,-4.0236816,-5.3830643,-4.7058654,-0.97048026,-4.787051,-11.030458,-4.022937,-10.429072,-6.3712873,-4.6150956,-5.916895,-2.2429333,-8.259862,-1.7212386,-6.4411745,-7.8411016,-4.6313324,-9.850177,-5.598514,-7.3572397,-9.723936,-3.8395689,-8.048969,6.151657,-3.915701,-1.0431982,-2.2392805,-1.4200058,-3.164721,-3.4527192,-8.075112,-0.37592685,-2.1376555,-5.4111595,1.764251,-2.0231955,-4.3840117,-0.55578774,-5.7794566,2.4387548,-7.3202744,-0.91970533,-3.3909247,-5.621673,-7.465995,-12.313707,-2.570043,-4.2896223,-6.814852,-8.1257,3.597905,-1.9426894,-4.8887715,-3.305306,-2.4480538,-7.4244723,-2.1379735,-7.311922,-5.533488,-4.6601896,-6.660275,-3.5785677,-0.3804221,-4.403511,-9.657148,-3.920011,-7.1097364,-5.6960425,-9.489184,-6.7916536,-3.1244683,-1.4893662,-2.0227623,-2.5602243,-8.137067,-5.146081,-6.2392697,-4.9587517,-1.80669,-5.62289,-2.9296238,-11.467678,-3.032195,-2.76018,-5.841286,-10.371749,-2.2767453,-2.939929,-6.5918217,-3.057684,-7.156657,-5.1191382,-6.7942643,-13.590959,-2.1193657,-4.1801734,-11.377194,-5.1914544,-3.116991,-4.437948,-5.560956,1.3578777,-4.1177883,-0.25547373,-11.018987,-7.3924127,-6.556504,-2.247497,-18.074038,-5.204677,-9.772024,-6.4401217,-12.509211,-4.3433743,-5.897121,-7.4615564,-5.560338,-6.5152073,-4.0412292,-3.3940558,-11.837912,-4.5003667,-4.083343,-3.6905413,0.2406573,0.28025523,-6.8442373,-1.752925,-1.5856683,-10.211386,-3.0069752,0.6185251,-6.6114917,3.3603892,-4.7057543,1.4409627,-7.613714,7.384966,-0.8469643,-1.0466697,-5.2846384,-5.5841503,1.0675617,-4.953706,1.0730765,2.563095,5.444252,-8.306634,6.8578134,-4.4822693,1.6783358,-4.1286764,2.0212283,6.4919715,-3.2812827,-3.2105327,0.020941734,0.10046551,5.713274,-2.6200395,5.965747,-4.1354475,2.356584,-2.3937557,-0.4134767,0.6896534,2.0393195,-2.5511837,-0.85400224,-1.913964,-1.7456217,0.7025852,-6.921722,4.9573236,-4.1150675,-4.931451,-1.7941684,0
-39.69072,-154.3765,-136.17227,-100.452,-83.50733,-44.050392,-11.969143,15.125589,28.363455,44.12864,49.47969,43.350082,36.483257,39.16679,39.993763,35.403923,21.808285,13.698751,2.346469,-2.7353,-15.896003,-29.719532,-18.94618,-19.250505,-21.872168,-16.89659,3.0709486,-5.9757547,-14.200173,2.0426114,21.678728,13.34047,11.950856,9.694363,12.204725,10.237979,15.788481,13.28541,11.158577,7.761013,2.4231238,1.8932428,-4.4699016,-11.685542,-9.672423,-18.547014,-14.781038,-4.2926116,-9.158605,-13.29069,2.9665842,8.718146,58.6425,45.213005,-0.3096115,3.6693807,-1.1841035,0.1849531,-2.7168202,3.51843,-5.151413,-2.341993,2.1182904,-3.2935896,-0.13180256,2.970298,-2.877177,-0.82033443,-2.9619222,-3.200736,-2.4466722,-3.1256347,0.16181952,-2.7899842,-1.6782768,-4.55892,-4.819586,-1.0412793,-2.0658457,1.1573197,-4.654395,-1.3104422,-1.8657227,-1.0730107,-2.1741805,-0.4590038,-3.8313355,-2.9568925,-6.3655443,-1.0924487,-3.6767635,-1.0534291,-2.0816722,-2.4309473,-0.6984234,2.3731456,-2.8733923,-2.508863,0.9752331,-1.9369164,-5.420889,1.1046475,-1.4059618,-1.6139615,-3.7826004,-3.596489,-1.0369142,-2.0591607,-2.0666254,-1.2024397,0.31753123,-0.93839294,-1.4938354,-4.888652,-4.962674,-6.358794,-1.1582979,-3.4029584,-1.7151545,1.2557399,-3.9848075,-1.6794095,-0.81928957,-5.4132195,-3.1114612,-5.428542,-1.767731,-4.263443,-1.288053,-1.0162172,-4.264941,-4.063651,-2.7627363,-4.859206,-3.0497935,-1.9113941,0.36839283,-4.23148,-3.8034968,-6.8391175,-8.393674,-4.382708,-5.445953,-9.340144,-3.3454976,-1.5867257,-4.1022954,-5.003853,-0.36127532,-5.3760195,-6.228571,-6.351038,-3.080296,4.1059837,-3.6740947,-3.6657348,-2.125561,-6.0486884,-4.1392965,-3.6590128,-7.1387815,1.7552135,-7.23277,-6.1203594,-4.8763785,-2.8831844,-2.9441528,-6.22094,-6.6956244,-1.9052179,-0.5343325,-7.738839,-9.746595,-5.9651556,-0.9578481,-1.5087485,1.58339,-6.707051,-1.3643422,-0.34772035,-1.4677002,-4.3783135,-2.5386734,-0.3754943,-0.06741077,-1.3065187,-4.3408413,-3.8391614,2.8605673,2.6708374,-0.7409905,1.9644231,0.54420644,4.127176,-3.9877362,0.5893553,-3.3208847,3.5381684,0.8779788,-2.4311304,2.7584288,0.69118005,-1.3862863,3.677556,1.0804772,-3.0215728,5.440451,0.6410343,-0.6480586,-9.114275,-2.5074146,0.6019641,-4.588925,2.9650161,4.4769063,-2.6992161,0.056808025,-0.29004973,1.5205371,-3.6316597,-0.5492561,-0.8693196,3.7780004,-4.4961057,-0.753966,1.5751752,-0.6153819,-2.3097441,-1.432807,-3.707454,-0.2107557,1.2158741,-0.93414265,-8.486076,-4.4354663,1
11.195723,-67.64313,-48.175568,-30.916607,-9.575026,3.7777905,11.838334,23.491383,31.90097,35.684814,31.860706,26.771664,13.215959,3.001521,-1.3541098,-7.6895914,-21.170433,-19.580944,-28.213505,-23.906366,-13.548403,-2.414803,2.921471,-0.7825253,9.258933,15.502117,2.5391524,18.216415,13.754507,12.433008,-1.8764868,0.34480238,-13.664773,-5.8140826,-12.193616,-16.802889,-23.408033,-23.374882,-18.077108,-5.3562007,-4.0249605,3.4707012,17.276974,19.594242,22.680414,25.49697,22.048504,11.0294075,3.9253225,-12.009174,-30.65016,-44.285988,-11.278883,-14.87931,3.0785413,1.513152,-1.4209934,-1.0387897,-0.6203226,-4.2579384,-2.074428,-3.1184335,-5.7084403,-3.4799247,-3.6928985,-5.182061,-4.5367503,-1.1036111,-4.2604175,-4.0569887,-4.6984024,-4.4333186,-4.7036276,-4.4745884,-1.3403054,-4.6010933,-4.235877,-4.908595,-4.22636,-4.5636315,-4.332224,2.3488097,-3.0047565,-2.4030087,-6.259887,-11.068309,-8.110432,-12.803831,-14.207749,-10.102961,-11.970327,-12.408771,-7.6345763,-8.334281,-4.7448106,-6.552403,0.49260792,-3.4278343,-8.460402,-0.45186478,-3.4599047,-4.851755,-4.793692,-6.3959017,-4.053566,-3.1327882,-8.894304,-2.0028853,0.6341678,-2.1875806,0.24905363,0.4829299,-5.331451,-5.332904,-6.412103,-3.6636164,-3.0895338,-2.0150073,-1.8542436,-5.211824,-2.3285542,-5.7115064,-6.4245687,-2.9896069,-3.2974555,-8.031207,-3.671214,-6.267256,-3.272007,-1.2839892,-4.254575,-3.935271,-2.1491604,-1.8554409,-6.8554497,-8.013798,-6.964052,-8.965961,-5.539533,-8.996195,-7.064963,-6.766793,-1.9844513,-4.272254,-2.4811168,-0.16743928,-6.025881,-1.5275655,-0.7560034,2.7885735,-5.394611,-8.785819,1.797456,-3.9942966,0.5886827,-3.8306653,-1.1489339,-10.826408,-0.24448669,-1.2567554,-4.993305,-4.620693,-12.880718,-2.072343,-6.9584365,-2.3238022,-4.943904,-7.402853,-5.2047524,-0.59217286,-3.852497,-5.332278,-6.371095,-4.003636,-4.1641665,-4.146589,-2.1111386,-3.5373998,-4.7907076,-1.1725434,-2.987846,-6.172156,-4.9735446,-1.2708398,-2.060176,1.2076662,-2.02821,-0.29905105,-3.5140724,2.2487102,1.8696809,-1.5965731,-3.4512963,-3.288358,-0.2814566,-0.32053086,-1.776695,-1.7288716,4.01085,3.5041168,1.153882,1.8558288,-0.63620657,2.4375196,-0.24068612,1.1337993,-0.20856708,-2.1513186,1.0934379,-4.339398,5.9939857,1.2287258,-0.82273614,3.191526,-3.3623288,-2.600582,2.5684743,-1.3732773,-1.8957338,3.9804955,1.2625594,-1.7503455,0.05875992,-2.228997,-1.2467887,-6.382018,-1.2903697,-3.809852,-0.45833814,-0.88825417,0.2800677,-3.3236628,-3.1469586,-6.719304,-3.0037143,2
7.331373,15.796158,6.9062862,5.4660974,-7.24043,-3.1217241,-1.0131238,6.168586,-3.7565825,-5.5766287,-5.0154676,-9.3000965,-12.927181,-8.396539,-1.0800561,1.5262182,1.0717626,0.54382706,1.6841316,0.4702301,-10.43814,-25.53571,-21.653944,-17.514208,-18.640793,-16.398169,1.0121435,-4.9773374,-10.769785,14.900888,38.047688,32.7258,38.201546,16.826084,31.643085,28.516285,33.38719,26.768639,19.39187,3.5377407,-3.8428154,-15.338276,-26.5708,-34.374348,-35.448875,-43.79123,-38.66774,-27.019268,-15.160746,-5.647534,18.508593,32.934246,35.70874,31.036263,-2.0693817,6.965679,2.1902668,3.1346755,-2.7540908,-2.9502618,0.9739838,-4.5065775,-0.70436746,1.281603,-0.8018222,5.5980473,5.23225,2.7597315,-0.5586279,-0.5116096,-0.67416567,0.90990686,-0.4378213,-1.5354764,1.516621,-0.35941646,0.42276615,0.6390886,3.1244931,-0.57675517,2.4435828,-0.21741125,-0.21893364,-1.3149885,1.3431463,4.2427626,0.108784355,0.29587016,1.0298747,0.13357572,3.541954,-2.557868,0.32468694,1.7894233,0.51457775,0.73657876,2.112535,-1.5964174,2.8094685,-0.44106972,1.7338059,-3.3359272,1.6913899,3.8653698,-1.5944793,-1.394421,1.204306,1.7696731,-2.490289,-1.1214116,-0.2730254,1.916431,-0.9038015,0.15153456,-3.3028357,-1.9332014,-1.3543699,-0.18257234,-1.2714645,3.1244578,0.1701225,-1.8140815,-1.753308,-3.487399,-1.569469,-3.722022,-1.8048224,0.22630015,-2.4862993,1.2191938,0.0113822,1.4561522,-2.2867057,4.2575336,2.486816,1.5100783,-0.7729006,4.681579,2.1853786,0.4672109,2.9723039,0.736715,0.3641894,1.1322955,0.53047943,-1.9659799,0.15854326,-1.6062225,-0.26986822,-0.6907463,-1.3708086,-0.52792716,-0.5865208,0.7564065,-1.8725286,-4.064888,-1.2094866,-0.7856652,-3.5890813,-1.563091,-2.7537746,1.7175871,-2.1566222,0.72385097,-1.1422417,-0.44398156,-3.629643,-5.7779226,-0.18245596,0.6704471,-2.9157572,-0.89003205,-1.4128529,-2.9103165,-3.6190572,-1.4503472,-1.9358649,-2.0973802,-0.53689724,-2.0338938,2.549861,-3.7346706,-4.345643,-0.35617432,-0.16300404,-0.8026994,3.3208237,-1.706634,1.4612848,1.0536553,-1.7613616,0.2085419,1.0633459,-0.26744583,-3.8759184,0.5027107,1.5329187,2.6144145,-1.1969076,-5.515938,1.0719285,-0.6398173,2.2166011,1.293605,-0.8932659,0.69687706,1.0721142,-0.14141738,2.0118487,-2.9307413,3.4678235,0.43139875,-0.92258364,1.5097377,-2.4344807,-2.7210662,0.6929521,-2.2900317,-0.32613456,-0.78870815,-1.11934,-3.0552013,0.81421304,-1.3749391,1.0971863,1.6311045,-0.3555385,2.8576717,0.39982787,-1.2442774,-1.7772307,3.985146,0.6781319,0.25368774,-1.0178692,3
-4.7081666,25.330387,5.8455305,-4.0778713,-33.51204,-33.45674,-30.051239,-34.95655,-46.52386,-45.488724,-33.616432,-23.105461,-10.4076605,23.524809,38.601807,60.645065,63.91304,63.09018,79.038055,70.09251,34.197754,-5.4574075,-13.161174,-25.525982,-54.234283,-67.30073,0.7036978,-60.465027,-65.79127,-52.419853,-8.04047,-0.34357357,18.595589,28.22519,38.082508,54.586754,55.62889,61.759552,62.016068,30.558542,44.69932,32.331444,5.288492,-15.6597,-25.434967,-45.240784,-55.617207,-51.656757,-35.118774,-27.39367,6.2965946,30.09464,34.334007,21.132765,-3.7764032,-0.3832237,-1.2375777,-0.79108506,0.40052485,-6.9961443,-1.4696501,-0.2118287,0.23693386,-1.7058587,-2.791091,-3.558732,0.18282592,-0.1896086,-1.201433,-3.2822425,-1.7754285,-2.763354,-5.525281,-4.229433,-4.410684,-4.6625843,-4.2089677,0.37875298,1.3121135,-5.499838,-4.1884413,-0.3774955,-3.1074495,-7.5410137,-3.5856824,-6.402466,-12.86522,-12.175598,-12.428411,-11.138431,-9.531696,-9.25022,-6.779725,-6.752199,-2.1561453,-3.76161,-2.6516423,-3.9784107,-9.953761,-9.498898,-3.7946353,-7.057583,-3.29467,-5.9912844,-0.35492396,-4.1505103,1.892153,0.7891677,-0.43103066,-7.315066,-2.3332882,-1.47293,-3.8904374,-7.6908255,-6.320239,-6.8809004,-6.289135,1.492693,-2.6373463,-1.923008,-2.004001,-3.2251992,-3.1949656,-4.6000595,-9.340058,-2.3831217,-6.3849225,-3.0318315,-6.384263,0.46312013,-2.492278,-5.112528,-2.3871908,2.1310153,-5.4912558,-2.9049978,-4.8283744,-5.3863573,-11.972096,-7.165125,-9.333899,-3.7912054,-3.1988797,-3.306018,2.5664725,-1.6892002,-4.942293,-5.5965095,-2.7882926,-2.8493228,-5.5676765,-6.085867,0.4685917,3.5521197,-6.3880343,-9.633054,-2.3976884,-4.6319733,-4.0825753,0.25424004,-5.020005,1.3949592,-13.181781,0.45986295,-4.229416,-6.659169,-12.102524,-6.994941,-3.935186,-0.3301127,-6.010774,-6.610462,-5.1677637,-5.0318084,-4.015343,-5.8429236,-2.6142635,0.7981853,-8.857881,-5.722039,1.3428888,-6.7714996,-0.918165,-1.7281523,2.3122787,-4.3858843,-3.2445402,-0.8358849,1.4503217,-3.5459895,2.393116,-0.28750455,-4.1223645,1.2229946,-0.9606079,3.4684827,-3.5538068,1.423082,-1.4272261,-2.92496,0.6376686,-2.547957,-1.2562683,1.137064,1.8130565,-0.06094113,5.1501293,1.8157063,0.93496585,-4.8001347,-1.7078836,-2.4104638,-0.86533856,0.16678438,-0.75412405,-0.8989599,-1.4732845,-5.948115,3.8297617,3.3224947,1.8515484,-5.637222,-0.6598729,2.2538648,-0.9639968,-4.4349256,-3.4693594,-2.2514815,-0.77988493,-0.82353616,-2.5501292,-7.370176,-2.2575355,-6.4191213,-4.993047,4
-0.65656626,17.537489,-3.4046612,9.076166,-10.035907,-9.035838,-2.9742696,-6.418834,-34.026993,-31.532473,-29.609674,-15.197999,-15.800028,14.125271,20.515896,36.07697,44.964046,40.012543,59.69458,63.17308,47.20977,14.753479,1.5606782,-11.253666,-53.648304,-70.21941,0.8597237,-59.98337,-88.2701,-77.795074,-49.31208,-49.95005,-15.036199,6.884403,20.886023,44.083824,49.15484,73.38706,78.26593,62.030334,92.92997,97.2967,73.946785,47.38822,18.869987,-8.073265,-39.35574,-59.56864,-68.610794,-80.313644,-75.74852,-70.53882,39.86259,27.62492,-3.3459163,-5.425497,-4.096399,-0.33904096,-1.8997685,-3.608864,-0.3388703,-2.166621,-4.60135,-4.093355,-4.926504,-6.832388,-5.007476,-6.42183,-4.6355634,0.45403436,-0.9829659,-1.9755864,-0.32863504,-4.7513704,-3.4899285,-3.9253397,-2.4257588,-2.9532175,-6.131342,-3.2368724,-0.35742164,2.2316248,-5.2321596,-0.6922884,-3.5245655,-4.8290567,-7.6412997,-9.265538,-6.973372,-4.63574,-5.3140593,-2.5327363,-4.971909,-5.201732,0.35644853,-1.12679,-0.9027699,-1.7802098,-5.082675,-2.6088574,0.7300597,-0.2640584,-2.5861,-3.1488569,-2.4709706,-4.806328,-2.8782854,-4.22555,-2.6413867,-0.5533251,-1.4788072,-0.75563085,-1.2015774,-3.4738865,-3.6682057,-2.8438663,-1.7878573,1.1755521,0.27015162,-3.0313442,-2.2619367,-2.1601112,-4.4031825,-1.8212688,-11.303118,-3.9587908,-3.624251,-7.0924006,-2.8273196,1.7452706,0.092779025,-7.5329094,-2.9406393,-4.1812944,-3.8836179,-8.055265,-5.447407,-9.354792,-6.239952,-9.006849,-6.0202565,-2.1122992,-1.7706332,-1.2866282,-0.6620371,-1.6629871,-5.3583984,1.8132105,-2.5169225,-2.3444712,-4.779879,-3.3186336,4.8905487,-6.1309624,-2.0701106,1.4519593,-0.2187573,-6.0440483,-1.0183759,-3.7813666,-1.5464323,-2.247793,-10.821301,-5.0616765,-3.3901584,-6.857053,-6.2770123,-5.65942,-9.8522625,-5.0179296,-3.4539173,0.82768166,-2.6376479,-1.3890319,-4.5696173,-6.3626738,-1.6868064,-1.6505375,-3.051856,-2.2549617,-2.64293,-2.1138256,0.37521952,0.58420384,-7.9468803,-0.44214088,-0.34617916,-3.6705408,-6.1149364,-3.5534024,-3.6461034,-4.9422784,-1.9720851,-3.830959,4.4826384,1.6839892,-0.8470818,4.235846,2.0846868,5.0122414,2.219171,-4.983222,-3.844198,0.60689884,2.078424,4.555148,-2.1035376,0.35935974,0.21725154,-1.3909829,2.7185345,2.2182548,1.5914193,2.090955,3.0053787,-2.1088595,1.5417266,0.19283861,0.75296044,2.4272947,-0.4773643,-2.7048702,-3.0384536,0.2591406,-1.4493234,-5.602812,-2.5642896,-3.2291512,-1.2610927,-1.5599942,-1.7781813,-3.675969,0.35296613,-3.6741555,-5.100834,5
20.414494,9.015198,2.365879,1.1100178,-13.2711,-7.952343,-10.873842,-18.373611,-37.219246,-50.343674,-45.983967,-43.450478,-49.877785,-42.184795,-29.453842,-9.413879,-0.85396695,14.139825,36.127586,52.133553,61.55738,57.994263,51.106705,37.438335,15.593734,8.953451,-2.2159333,-28.660427,-41.997402,-42.231243,-40.52632,-29.330765,-23.034601,-3.676416,-5.7764783,7.9468617,12.575531,24.028534,32.94984,19.629242,32.284714,25.42722,16.681747,5.096862,-9.340294,-20.923573,-27.062433,-36.96819,-28.96911,-22.305487,-17.155386,-12.302612,58.734028,18.294731,2.8819175,-0.67487544,-1.739939,-1.2001023,0.6454403,0.57956624,-3.345807,-2.3304672,-0.4014148,-5.6658554,3.1451797,-1.9290899,-4.4167266,-1.5543985,2.4274945,3.1600828,-1.8307681,-3.7240422,-1.698704,-3.2548208,-2.8053894,-3.6412113,-6.5869675,-4.449898,-4.8375134,1.8907096,2.069291,0.29485327,0.9700808,-2.852794,-5.612746,-4.900022,-4.4005885,-1.6548016,-4.7234516,-3.7461307,-8.193284,-0.66349614,0.78595334,-3.3212216,4.230041,3.270047,-1.7178035,2.0812209,-6.462473,-0.69670737,-4.2087502,0.85756266,-0.5110452,-4.240643,-1.6635467,-1.6774538,-1.9257058,-6.0737023,-2.2764704,-0.8274452,0.35498834,-0.6215126,-1.5954535,-4.928499,-1.3348031,-4.1594877,-0.32062757,-1.2943189,2.378961,0.09016201,2.3987722,2.8050745,-4.581117,-2.5145311,-1.4291606,-2.1808448,-3.5515823,-1.471701,-1.8999478,0.45477933,2.89367,-3.835796,-1.1980487,1.2521374,0.61513597,1.9376762,-0.23255111,-2.7828872,1.0486947,-1.9605589,-1.9824927,-1.8802071,0.08619869,-0.5050021,-3.5459905,0.07758641,-0.893191,2.0985863,2.0115268,-4.29847,-2.6902957,-1.4927906,1.2509998,0.6955046,-3.798547,-2.5436594,-1.7411044,1.5144721,-2.4513843,-3.397949,-1.9173499,1.7224947,-1.247175,-2.6331372,1.8145773,-1.4836214,-1.2283015,-1.0528642,-4.228117,-0.7655697,-1.7634952,-4.2130237,-7.1315117,-4.0983953,-1.6427189,1.3753092,-0.42076313,-1.3556777,-5.321805,-1.7374879,0.43174276,-2.0303211,4.726243,-4.8064203,2.3428316,-0.113482684,-4.1645,-0.3061463,-1.735136,-2.257285,0.73350585,-4.28652,0.730074,-4.7037582,-3.3577006,-2.1767678,-3.4991353,0.39810815,-5.1088543,-4.6318803,-2.8730528,-3.4482327,2.640991,1.9724324,0.1152401,-1.4664679,2.155348,-0.27804902,1.899953,-4.523084,4.6598396,-0.64108765,0.2955805,-1.39182,-2.009135,1.5616825,-0.6708387,-1.6690476,1.785368,-2.644613,-0.8195856,0.36563954,-5.6923447,4.0604153,-1.3494958,0.07138181,1.8354605,0.30239263,6.687027,-1.854881,-1.9378119,-3.2200093,-0.008556366,-5.6178946,-6.0780582,6
14.063147,54.84537,35.12429,22.470589,3.5763068,-14.369771,-25.515112,-37.313095,-45.26036,-45.709763,-41.920815,-31.707865,-25.520037,-15.90469,-6.9790006,7.2849874,15.125641,24.015608,31.463896,40.02044,39.433636,47.062527,39.126335,34.659256,23.953133,11.922335,4.036972,-2.0855656,-9.07114,-25.064383,-28.573298,-32.02432,-25.858622,-14.95854,-25.451197,-10.06145,-11.840902,-2.098753,7.542698,6.0684943,15.36549,16.687874,18.006203,15.914589,9.362938,4.490967,1.304184,-19.132805,-20.372866,-17.28471,-19.523312,-13.25144,10.16874,11.169929,1.3251128,-1.5305995,-1.9019773,-1.1842537,-3.8507147,1.0815163,1.7883573,-2.2846272,-2.0894442,-3.1955168,-3.371591,-3.067148,-1.3146957,-3.855086,-0.7925278,-0.2790922,-0.9011923,-3.5665042,-1.6591666,-3.7823763,-2.0193758,-0.5815889,-0.3668739,0.4726694,-4.4158735,-0.9390789,-3.0350657,0.4877131,1.9694014,0.90873253,-2.9407334,-1.3729295,-1.8828785,-0.64275837,-2.9142587,-3.8739047,0.3936969,-0.6378995,-3.372292,-2.6251788,2.5854905,-1.4741641,-2.5311077,0.80702686,-1.2055142,-0.84954494,-0.9713425,-1.0465162,-4.52489,-0.70543855,-1.7450774,1.1765097,-0.3485459,-2.8359292,-0.55861616,-0.68138087,-0.709523,-1.0863779,-3.7700214,-2.2326996,-0.6529703,-1.7789191,-3.13392,-0.06544572,-1.3210081,-1.1096956,-3.3137448,-0.4801825,-2.1792169,-0.049633324,-3.223757,3.160786,-5.485713,1.0189674,-2.4900346,-5.074157,-4.857055,-3.5644836,-1.3346093,-3.1661253,-2.4409418,-2.364729,-3.589718,-0.8796525,3.2376573,4.1211777,0.8528836,2.459654,-1.117511,3.4753826,-3.7466528,1.7759541,-2.1423311,-3.7941628,2.8842611,2.0504684,2.0365567,-5.042399,-3.552389,6.2141776,1.4365864,1.0656873,0.28114462,1.5190725,1.7698102,5.059307,1.5107384,-0.31536102,-1.9724907,-2.9423034,-3.3808615,1.219014,-3.525667,-2.2663715,1.8512363,1.5043263,-8.838084,0.93067586,-3.8822863,-1.2831157,-2.7560241,-1.143045,-3.5188596,0.17852473,-5.5214043,-0.07456601,-3.0088136,1.762694,-1.7793095,-1.4937669,-0.54371536,1.447262,-1.3641163,4.307503,0.25168496,1.7036703,1.0335915,-2.4968722,2.1443496,-1.5600972,-2.489026,2.1038303,0.95680106,-2.6321654,0.46996614,-0.53253835,-3.040601,1.5218954,0.43583518,-2.721816,-1.219592,2.061981,-0.7325309,-1.1595949,0.80826324,0.24915504,0.54488504,0.29136115,1.1415789,-3.3261013,-0.14906305,0.88638264,-3.5127902,1.6790311,-0.22233805,-0.5482121,3.2286913,1.0366995,0.705306,-1.0336087,-0.5881959,-3.2770095,-0.6621772,-0.32567483,0.34815606,-0.55931973,3.6875918,-5.1765246,-0.052716345,-1.8404224,-1.5793003,7
28.23269,-100.81119,-66.28388,-39.524857,-8.370317,19.94603,30.465126,48.686005,61.600307,51.95968,41.3156,28.607147,7.425541,-12.847259,-20.542208,-30.503033,-49.289024,-41.455986,-45.019352,-29.40017,-2.7577274,7.0419335,13.874066,14.389236,14.258724,24.315475,0.7282821,10.882088,2.3531117,4.495312,-5.9467125,3.6921477,-5.1799717,-1.9245629,2.2750664,-1.8787259,-0.11817002,-4.8515387,-0.41104993,-0.1559596,-1.0433939,-6.442304,-9.018796,-15.732377,-16.72417,-25.348528,-16.916857,-17.692745,-8.074314,-3.179957,7.4779153,11.518866,12.759978,-7.9349947,3.5474913,1.3757522,-3.6788929,-4.842086,0.93325216,-1.6918657,2.4174595,-4.4451733,-1.0760268,3.1435819,-6.769486,0.26527488,-3.4974484,-0.7713279,-2.5088189,-0.39573938,-2.7532356,-4.382511,-4.6795726,-5.277276,-1.7701533,-1.7783034,-5.2324677,-5.055995,-6.7834425,-1.4778042,-0.06267756,1.400297,-1.6408889,-0.3697058,-3.736415,-2.1447933,-3.4966059,-1.6959732,-2.1410506,-1.0967965,-3.3428395,0.15752691,1.9022526,-3.419783,-0.7331995,-1.3685529,-1.6679275,0.5190648,-0.4743471,-0.17384285,-2.606179,1.7258039,-6.164392,0.19573021,-5.8768444,-1.1940957,-1.1577458,-1.9636662,-3.5565915,0.11870584,-1.734808,2.7526886,-3.053071,1.8308716,-1.643364,-1.0018047,-2.2849476,-3.4583106,-1.2310811,-2.2767832,1.8670533,0.036150694,-2.4842236,-1.630485,-5.86348,1.1637013,-2.939407,-5.8083286,-3.8997774,-0.51131666,-4.332044,-0.94560313,-0.42330635,-1.7192342,1.4453609,-1.0206776,0.2390114,-1.4189056,2.7495618,-2.643117,-4.3908463,-5.567334,-0.13506222,-2.473792,-2.697215,-0.14751887,-2.2351615,0.87613475,0.29337645,-3.008981,-4.8336167,-3.6319854,-3.3887365,-3.1371045,-3.8988216,-1.0488975,-3.1986597,-6.374557,-0.499885,-5.5323977,-6.060257,-0.6110691,-2.3857815,-2.1677194,0.2791847,0.42132384,-3.9638362,-2.0976088,-3.3054948,-1.4187927,-2.7972262,-4.038243,-4.4542313,-4.4792624,-1.4202791,-0.69082797,0.5894682,-1.515993,-2.8761892,-1.0081234,-3.9693289,-0.87385225,1.8365121,-1.0538807,-0.058914185,3.1689718,2.3907475,0.097509086,-3.1434114,3.4716513,-0.027193189,0.59727967,-3.025064,0.84744304,1.9836754,3.7699196,-3.142042,-1.8505142,-0.33531943,1.9290133,3.3280194,-2.9507082,-0.525782,4.260288,7.1639233,-0.7076615,1.4002166,-1.550446,1.1167424,-7.3113084,1.4906535,4.9352694,0.3959861,1.1971164,-3.3686123,1.1835054,-0.60514647,-3.2809799,0.88945484,-3.4751484,1.5010397,-1.2950231,-1.0616324,-0.41800475,-1.0190936,-2.0221543,-0.42694318,-4.009899,1.5666288,-1.0963725,-4.232948,-3.8027434,-3.4572935,-4.125414,-4.59758,8
3.2613192,67.56512,67.96303,59.61164,50.0225,35.376564,17.932537,17.71449,9.392429,6.1100082,0.7148733,0.5947838,-7.4413214,-13.222424,-13.197068,-15.586069,-21.252434,-17.319324,-22.34186,-20.364227,-19.265545,-13.729248,-9.91668,-6.045334,-3.70304,2.8030586,2.4385207,19.189709,16.413908,20.51289,13.411949,10.468954,2.0085378,-2.6092708,-6.5522704,-10.327136,-20.804205,-22.484896,-25.858763,-14.846734,-22.329866,-19.70451,-9.596533,1.7474041,5.755918,9.848567,22.099384,17.028727,24.530415,24.623882,20.857925,17.113258,-19.301367,-23.559448,3.704245,1.7561808,-1.5305573,-1.6070611,-2.0625408,-4.2395906,1.5098459,-3.4396179,-1.6782376,-2.6948524,-1.930996,0.9092295,-0.031226277,-2.4447572,-2.9206886,2.6193821,-1.2989852,-2.5821588,-0.5426913,-6.0067053,-4.808426,-1.7698023,-6.227853,-2.654992,-5.329427,-3.1022182,2.469119,-2.9425673,1.9573506,-0.37146538,-5.9407015,-4.1040745,-4.348569,-4.871338,-6.943138,-5.4632006,-7.1368155,-5.5629053,-3.37439,-1.0950229,-1.0586141,1.5007092,-3.5844223,-0.73281157,-4.3120275,-0.97702324,-3.8390667,-2.2440624,-1.7244736,-3.5462835,-2.176961,-1.4661807,-1.3108809,-3.8823981,1.6384151,1.738915,-6.214488,-5.7006817,0.5879179,-7.952181,-3.3178325,-0.89856374,-0.93100846,-2.2076654,-0.5032701,-0.52409357,2.312812,-2.575831,-3.307154,0.15988398,-3.9114006,-1.5532734,-2.2478974,0.22292161,-5.754188,-3.2661643,-2.2225645,-3.9095998,-1.4982531,-7.937427,-5.80087,-7.696548,-5.326113,-3.786744,-0.9480307,-2.015113,-0.8214934,-5.417265,-2.030691,-2.2328315,-2.099606,-1.7338129,-7.178648,-6.0154667,0.3987983,-1.9746878,0.6138041,-4.314921,0.97268915,0.22290882,-6.5735035,-2.3003354,-2.283914,-1.1456724,-0.8175207,1.0222476,0.9638889,0.37887093,-7.2970796,-5.7304077,-2.063916,0.68890107,0.52604806,-0.7369351,2.4322476,-5.57281,-3.6370986,-0.4399413,-3.484219,-2.8859057,-5.0834455,-4.341229,-2.6172233,0.10698724,-8.530579,-2.07815,-2.331121,2.0193813,-0.5849276,0.36373496,0.7580693,-1.206738,-0.47505277,-2.5340648,-3.6031733,3.8396914,2.3132515,-2.0836828,1.5793855,-2.8180676,1.1476488,-2.041944,-2.4192858,-2.957243,0.8840635,-0.3256053,-0.07476109,-1.7624612,1.7740753,-0.53546584,1.6656847,-1.1024817,-6.0779996,-3.1761272,-2.327448,-6.762578,4.369359,1.8933245,2.034968,-2.7523386,1.3567554,2.3236864,1.4096154,2.4229903,0.11855948,-3.2214012,1.8901608,3.4590924,-0.2120372,0.16393313,-2.3808088,-0.25818864,-1.0932671,-4.0290217,-1.7033646,-1.9855057,-2.1753433,-3.2934468,-1.0756037,-1.1655451,-5.8017964,9
-4.0153008,-58.367905,-36.61264,-27.82954,-3.5063076,10.468613,15.8492,19.88741,32.937523,23.980223,10.54597,8.702266,-5.6415696,-19.298351,-29.441635,-27.094995,-40.52004,-24.97164,-23.089577,-7.175887,25.830421,48.18986,52.183025,37.667046,44.064316,48.807755,-0.7840947,8.300614,9.195368,-5.718872,-35.103695,-23.612717,-40.430145,-13.124279,-33.56702,-25.106886,-32.28051,-25.028318,-6.4994984,11.993629,19.517748,27.41162,38.800632,43.366524,40.710648,40.62117,34.715828,2.4563642,-11.079632,-33.530834,-55.85589,-71.41235,-22.383297,-18.452553,-2.4675825,-2.0447161,-3.5369363,-5.759268,-1.5571346,-4.3766575,-5.3913856,-3.8370416,-4.9864674,-5.8052654,-2.3222098,-0.25288653,-7.2845283,-0.7599264,-0.90630543,-0.6207472,-4.4861207,1.133534,-3.1133614,-2.6043215,-4.5121245,-5.033794,-1.7836635,-4.3417964,-2.8098993,-4.6789317,-6.788283,4.3388777,-5.2658215,-3.2986827,-3.160555,-4.714605,1.3464074,-4.6683407,-7.901117,-7.5252695,-7.202804,-6.6241765,-8.262184,-6.0351934,-4.89274,-5.2779727,-4.7980666,-1.8481016,-9.849075,-5.5839834,-4.631331,-5.4739375,-5.3376465,-6.95261,-2.7343655,1.4100059,-3.068291,-2.0506904,1.1037068,1.2699296,-5.298566,-6.631801,-2.5618324,-2.3364146,-2.6527097,-6.034722,-0.16314647,-4.752965,-2.704392,-3.2683063,0.9447561,-2.3848572,-5.1075435,-11.601572,-6.38981,-2.789419,-0.15475148,-4.535893,-5.8979073,-1.7761142,0.6403257,-4.620763,-3.278318,-4.7632732,0.7367284,-9.724533,-6.601239,-6.94933,-6.0911922,-7.8470626,-5.7495275,-7.4145093,-8.648938,-3.8608758,-6.938593,0.158122,-6.850934,-0.879494,-4.5734878,3.4100602,-9.279389,-3.8857672,-5.1133227,0.5969267,-4.6065392,-5.0456314,-0.5361908,-6.469777,-8.75513,-3.8204088,-6.9494834,5.6639175,-9.545364,-2.127164,-3.4006612,2.0826502,-1.0089433,-7.46289,-1.8924415,-4.849177,-11.587435,-5.8126335,-6.1625185,-2.300206,-2.5432482,-7.906921,-4.3954725,-5.63799,-2.3683662,-3.3299804,-0.99667263,-4.157714,-3.6650052,-4.6371083,-4.560335,-2.9556184,0.6569409,-3.897039,-3.221775,5.4888678,-3.2439222,0.16000018,-3.7661524,1.4589095,0.06706911,1.7802159,-0.35808432,-0.77280325,1.3456995,-2.64854,1.811311,2.5436456,-0.3562861,0.54292244,1.387045,-7.1637573,3.437776,-0.13991538,-0.99858075,-6.0202203,3.149139,-4.444894,2.79356,-1.1799151,3.6905975,-1.0912193,3.9119914,-5.007059,-0.31777173,-4.064701,3.7718496,-2.1292694,0.36941826,3.1748166,-5.14036,0.40740564,-2.3362794,-0.9050224,1.6076927,1.3380045,-1.053772,0.35170984,-5.355678,-1.4507091,0.24371111,10
-9.020961,3.9388008,9.960979,-2.9427662,9.660856,0.8012407,-6.3490257,-12.375905,17.31089,12.778637,8.732082,10.0248375,18.15523,1.9016571,-12.668678,-18.843046,-29.27997,-27.372395,-42.90292,-46.981224,-29.90622,-5.805771,4.7119026,1.4693298,32.226837,37.945087,-0.860254,42.653473,62.029633,36.268707,6.532913,13.823816,-15.385275,-0.91543865,-23.246464,-28.556637,-44.016243,-47.776142,-37.406433,-9.45601,-2.6334143,9.248314,33.266678,49.479618,63.845116,74.737656,71.109924,30.419796,5.0334363,-29.204155,-67.62564,-94.85759,-113.08318,-82.35687,-1.8414342,-3.8201067,-4.13738,-3.6925735,-4.2464833,-5.6966066,-0.55059975,-4.140784,-6.084589,-6.4370165,-4.9686594,-10.255273,-0.17386079,-3.2179346,-3.0584178,-4.026353,-6.9125085,-2.895461,-1.414985,-6.189698,-3.1975236,-3.1550696,-4.2319145,-7.722646,-2.4911582,-2.874788,-4.8067203,-4.887564,-3.1783276,-3.0689442,-1.7705818,-4.183662,-7.535531,-8.229534,-5.4267364,-7.619949,-7.699253,-2.6097295,-2.5544043,-3.5798192,-5.090003,-1.6567907,-2.540367,-0.15736866,3.5832117,1.2752446,-2.9347668,-4.093768,-2.074683,-3.7365823,0.59017974,-1.9207654,-0.7058673,-2.1340435,0.16524848,-0.9848864,-2.609751,-3.3308702,-4.537275,-2.4228263,-8.591484,-0.35240057,-4.5029583,-0.83194125,-7.909528,-3.6477973,-0.5878167,-1.6260991,-9.6583605,1.8106122,-9.474752,-6.3813124,-1.5266188,-2.2815003,-5.0002723,1.0852273,-7.5832987,-7.585018,-6.24999,-10.7720175,-9.331391,-7.620216,-5.8801208,-3.0480225,-4.5403004,-7.734273,-1.4950016,-5.3315077,1.9492986,-1.8731937,5.970972,-0.3679437,-3.133284,-5.0660686,-5.8983927,-12.3446865,-2.3192358,-5.008938,-5.99057,-2.4608812,0.1983045,-3.1111865,-0.041736364,-4.486191,-4.467846,-2.9406974,-4.4089756,-1.9733262,-4.857559,0.58685493,-1.7353742,-1.0616264,-8.098311,-3.9853723,1.6580844,-0.27020895,-8.744523,-4.4832067,1.1270618,-3.0897732,-8.702386,-4.509436,-4.450508,-1.5063682,-6.2455235,-6.1165037,-1.2398419,-4.0205727,0.4783482,-3.2180529,-4.495323,0.18791664,-1.2553433,-1.6351719,-5.1152887,0.7626991,2.7591763,0.87874526,1.6908934,-0.12131655,5.5578694,2.8500686,0.4230871,1.3824105,0.598799,5.049274,1.5656936,-3.0686297,2.6679368,-0.5877576,-0.37887502,3.636526,-1.4916193,-2.1026921,-2.0206683,0.44706532,1.6406218,-1.1982063,-0.79798174,-2.2962496,-3.4643316,-2.0254762,0.6954897,-1.0105667,0.7536302,-3.7533665,-1.5228465,0.5439218,0.9033023,2.0025616,-4.5894966,-0.6778686,-3.2134757,-4.0348673,-3.4347723,-4.0722075,0.55549794,1.5157037,0.5017103,-0.61872715,-3.179185,11
-14.318576,-135.16739,-106.01114,-75.57593,-40.6688,-14.63883,3.1375165,25.188759,47.928413,48.971603,48.520355,39.380733,29.167973,8.885641,-3.4822721,-15.331155,-32.064045,-26.814434,-42.675835,-33.12187,-11.064783,6.85995,16.103119,16.832,32.276398,43.81396,0.01794599,24.598682,30.398178,21.071957,-1.0354638,1.8227425,-13.623375,-4.6397552,-11.91074,-15.497426,-19.035177,-21.513783,-16.162941,-0.30652618,-9.649368,-8.454469,6.7295856,12.250556,9.422824,14.118261,12.887763,2.5398488,-7.3196325,-10.867945,-18.491144,-15.305969,-16.169447,-2.5364666,-0.068262815,0.60709816,-1.0243783,-8.647699,-7.0570745,-1.6462494,-10.79596,-3.0840526,-8.536867,-7.668359,-1.8357513,-6.603994,-8.951431,-7.102432,-2.8736415,-2.2810981,-7.7156,-2.2579603,-7.5004215,-8.408506,-3.2866387,-8.018369,-8.879991,-5.0253134,-4.1108127,-0.63405037,-4.062779,1.727733,-2.7407699,2.6790936,-0.32136804,-0.8076079,0.5493283,-0.4125585,-3.5651946,-0.2320112,-1.8204114,1.7442509,-0.5158577,-3.156503,-1.5262971,0.4417463,4.5487337,-1.4609662,-6.76688,-0.42489648,-1.7722236,-3.277072,-8.86793,-10.07203,-0.34346062,-4.6858644,-4.9225893,-5.146823,-4.9538836,0.3311651,-3.5974221,-4.901168,-3.909317,-3.9884183,-6.5289254,-5.155703,-7.4545155,-1.4177444,-1.1532376,-7.9256296,1.0185592,-5.7003894,-7.129232,-9.308442,-9.0357485,-7.9524956,-8.104071,-10.16592,-6.065108,0.42139822,-11.223782,-11.440325,-5.50996,-6.3515644,-6.261372,-13.089467,-7.071162,-11.122512,-4.09319,-11.516941,-3.3335197,-7.3120837,-9.540454,-9.491383,-4.5149612,-6.7706094,-9.575436,-2.362084,-10.049053,-5.8346977,-2.9885828,-7.1170425,-4.1503377,-8.043941,-8.865174,-10.750768,-4.801454,-5.682112,-15.330699,-6.8129306,-15.949675,-2.596315,-12.075958,-0.62144107,-7.3003483,0.71459466,-11.132249,-12.782456,-3.433466,-4.2871866,-12.297762,-8.299022,-11.387841,-10.167457,-2.5702379,-10.147743,-4.7036676,-7.511653,-6.8339944,-6.1235647,-4.0856423,-3.5858397,-3.5635705,-4.2811656,-2.3514524,-3.1649616,-3.439004,-4.913625,2.7887073,-3.827271,2.427879,-0.38461593,-0.82414246,-3.731372,1.3174847,2.3864093,-3.3082821,-0.74981403,7.124078,3.4800062,3.1836457,0.9145287,-1.6585052,0.8373959,5.546031,-3.4955435,0.42400986,-5.1627526,2.6482036,-4.034946,5.4442697,-3.3642616,1.8033223,1.9940711,3.2990258,-2.5260274,2.3598766,-4.0736995,-2.7055485,-1.1861943,2.2151504,-0.7133853,0.31257984,-4.636393,-3.7854543,-1.9003425,-2.0222206,4.5747366,1.7629757,-4.6000624,-4.7914357,0.8624789,-2.334421,-3.46031,-3.3575335,12
-1.4485126,-74.09781,-59.133774,-46.551003,-18.66876,-8.00188,2.2823682,6.2904177,36.60678,39.80933,42.395355,41.648468,45.893166,28.95345,18.741674,6.8906226,-7.5355005,-7.04626,-33.827297,-29.24188,-13.517526,14.329731,18.486301,15.285673,41.34563,45.13948,1.5816561,38.16961,49.634953,22.811924,-19.810556,-18.223385,-41.905415,-22.447317,-40.89391,-45.7058,-55.40602,-55.60541,-39.509705,-8.208292,-1.2516629,18.631205,47.8292,62.077114,69.36905,83.35336,75.08018,34.40419,-0.6628611,-38.864346,-92.25885,-129.29828,-56.88672,-45.530617,-5.438486,-6.4195113,-6.0380425,-6.5729885,-3.5706322,-9.381834,-8.090093,-2.1295223,-7.3453965,-9.383303,-5.2612886,-10.476769,-11.740062,-3.3072171,-3.5146763,-7.2305655,-11.582946,-0.5941175,-4.354506,-6.039793,-3.8766127,-7.5434265,-3.5855522,-4.8904777,-1.2683232,-4.9817367,-5.205022,-2.872489,-3.1846652,-2.0216002,-1.8058183,-5.292784,-5.3948154,-2.223156,-2.556079,1.5795814,-1.4015257,0.43666688,-1.328584,-2.4798343,-1.2315977,0.3425484,-0.42165422,3.1722991,-4.6849856,-2.4814386,-2.8693688,-1.159148,-7.5852094,-7.5108523,-5.8417783,-4.455537,-0.40689576,-6.849083,-0.4634605,-0.8546568,-3.635207,-3.5498877,-1.9462837,-6.761998,-3.798965,-2.9315672,-7.3161325,-2.6048377,-2.8204193,-0.35871872,-2.2503743,-2.744467,-7.9113665,-4.129433,-5.9849052,-8.03651,-2.1492424,-6.5830755,-6.4610357,-3.9971063,-8.999458,-11.6803,-7.199731,-11.496508,-4.085426,-11.917123,-4.1215715,-5.2101707,-0.39524323,-8.937241,-0.92626315,-3.1096704,-5.445034,-3.9755828,-1.0207195,-2.1430578,-5.74021,-0.41726804,-3.037349,-2.5622005,-7.7395883,-9.604129,-1.9451121,-0.9501971,-6.885381,-1.1976057,-1.8634913,-8.940925,-4.3708797,-5.939464,-4.129574,-5.5132494,-11.56885,-0.5073006,-3.0911727,-0.4209078,-8.371001,-2.8887575,-3.6416922,-6.657164,-8.0546055,-7.7132516,0.11040172,-5.9175982,-3.6664405,-5.5996027,-6.044905,-2.1413023,-5.5154624,-5.224888,-5.337707,-3.2285507,-0.07499704,-0.24121025,-0.6846678,-5.4043975,-5.5910263,-0.44260228,-2.804244,0.49770027,3.4823403,-0.74256146,1.1237001,1.882829,2.6749947,0.4071173,-0.442331,3.418039,1.6047785,2.111614,2.2689948,-0.02441293,-2.2687042,1.4849856,-0.46019214,0.3072385,2.7471108,-3.528573,0.59384704,-2.9945185,0.37056765,-3.0729558,0.66548663,-2.5581007,-1.9145296,-0.15893918,0.9806888,-1.6748186,1.64766,3.1533017,5.6266875,-0.9353865,-1.5821872,-1.0486755,-0.6137817,-0.8301027,-0.66155845,-4.815471,-0.01130259,1.6880491,-3.5141973,-0.69010425,3.1485693,-1.4367064,-1.1793861,13
-7.686075,-34.42563,-17.008926,-2.1204362,20.327406,31.254934,28.247908,41.950504,46.634216,35.084423,24.240974,11.306129,-8.886238,-27.587383,-36.691185,-47.97242,-58.176414,-52.817547,-57.326073,-46.662544,-20.117859,-7.6102505,3.217247,4.6197386,14.478235,21.187489,-1.3688561,17.303444,18.870918,21.574238,10.557148,11.271925,3.4273005,5.485441,9.257978,4.094186,4.137922,1.2093134,4.806057,6.1296663,0.27006912,-5.0137215,-2.3794746,-0.55862236,-1.7249184,-5.318901,-1.0548296,-5.017576,2.5469286,7.480485,11.861476,6.21966,29.99886,25.182901,-4.471249,1.7088248,-3.8772466,-4.8751416,-1.6908416,-2.0927765,-1.5062287,-7.1568565,-3.4557493,-0.1442197,-4.676869,-1.1619257,-3.9730728,-3.358456,-2.7745833,-2.388364,-3.891892,-0.6287665,-4.160227,0.4425392,-2.9234042,-2.9635532,-1.9112942,-1.7062783,-0.45676246,0.07199906,-4.4083986,0.43625113,-1.4368643,0.8933891,0.58105457,0.31327617,-1.3727124,0.43400407,-1.3429936,-1.2096939,1.343999,1.6356006,-2.8724308,0.9902578,-1.4664398,-1.3729889,1.817038,2.6560292,0.6934006,0.48322165,0.7969465,0.62382853,0.29931617,-1.4933244,1.3257356,0.4758209,0.7872107,-0.51759356,-0.7664934,-0.25255796,-2.5857952,-2.424794,-2.0755467,-3.2663884,-3.4688427,-1.8411491,-3.0749354,-0.38131273,0.04133278,-3.3366477,-0.4444118,-4.931779,-1.7803967,-3.9560318,-1.3312126,-5.6367226,-0.16931844,-5.1680856,-3.2558107,0.5391409,-3.0821161,-2.3969269,1.3093004,-3.4133868,-2.2776449,-2.3499424,-1.2659324,2.7304785,0.3181398,-2.0295057,1.9393641,-0.8056567,-4.3591423,-0.9201404,0.21415395,0.3678218,-1.8911082,-0.07004857,-4.415495,-3.1472802,-4.8706064,0.97894156,-0.16588986,-2.5964384,-5.8695045,-0.4859476,-5.487818,-1.5850585,-8.145107,-1.4387555,-2.3552256,-0.27745354,-2.7644682,-0.3079492,-0.070495516,0.41132793,-5.3184214,-3.0980542,-5.7514997,-0.15303038,-9.550146,-9.509794,-5.3043466,0.7033118,-4.3909793,-5.6415606,-2.6527605,-2.201708,-2.84298,-3.9455757,-2.5551803,-2.3743358,-1.0127256,-3.1379828,-2.056994,-4.183929,-2.3391354,-3.95382,-0.65800434,-2.300168,-4.4458013,1.7134649,-0.7081944,-0.31549662,-1.5532371,3.1433876,-1.6833737,2.1905077,-1.4681033,-0.11280519,-0.3356759,1.501152,-0.04214841,1.3126372,-0.39556384,-3.654929,-1.203504,0.26919046,1.233176,1.5102725,-1.1594491,1.285202,1.074035,3.1888359,0.16952585,0.11029017,0.08164275,2.0033538,3.4594078,2.0012715,-0.31056517,-3.6710982,4.668993,-1.9681966,-0.0417884,1.1886753,-0.694239,-2.0210574,-2.4308815,-0.21206579,-1.7748592,-0.03867051,-1.385656,0.4919815,1.1328266,14
-12.26232,-32.76278,-21.15465,-17.649963,-8.568657,-4.027319,-4.1016326,-1.4251331,12.873823,15.86403,21.215794,18.584295,28.149357,21.986105,12.930388,4.7137423,4.088393,-1.2614261,-7.4849763,-17.907198,-16.08631,-11.614773,-6.35675,1.3130331,10.686103,9.080313,-0.99673796,10.985458,21.783052,7.14816,2.9298358,3.4476445,-0.93889225,-6.332364,-4.959418,-6.8450017,-7.2443223,-8.481071,-11.641919,-9.601147,-15.954337,-16.548346,-16.150429,-14.195798,-6.657984,-0.7803855,4.501185,11.221682,16.541157,22.661991,27.315233,37.82031,-44.702415,-25.156952,0.17355895,-2.0093827,-0.2749979,-1.2039001,-1.8965372,-0.43724903,0.13201523,0.47744265,-1.715864,-0.77570873,-2.2557943,-2.4462903,-3.1476457,-3.7278666,-1.3362349,-1.2274604,-3.439347,-2.8736765,-2.655615,-1.6381845,-3.0739627,0.16604239,-1.08492,0.25192252,-1.1550514,-3.0772152,-2.1491666,-3.583174,-1.8420322,1.9494137,-1.5026445,-1.1019893,1.5585204,-3.005074,0.10275817,0.96923393,0.27795503,0.73631525,1.3972546,-0.7377672,0.40878496,0.05644095,-0.6158106,0.79412776,-0.8052841,-0.88730425,0.05620902,-2.6058276,-1.7389027,-1.7774309,-0.19820106,-1.9593105,0.9744755,-1.4758,-0.036796764,0.35894006,-2.257306,-5.213122,-0.60788214,-1.5007669,-2.331185,-0.29915786,-0.8784021,-2.178673,-1.4161173,-0.9054817,-2.3088398,-0.4559474,-1.8513613,-2.9606938,-5.041026,-2.3267474,-2.6460915,-4.655511,-2.6156979,-1.8313022,-3.0213099,-1.0797778,-2.8305602,-4.3095117,-4.12651,0.10021523,1.6951518,1.331259,0.9642712,4.0769916,3.8134422,0.4264726,4.7385764,-0.5118411,-0.36204314,-2.7566965,-2.6449325,0.7527301,-2.654026,-3.9221544,0.006047994,-3.5245028,-3.2339804,-2.5111473,-1.4372754,-0.6271617,-5.7048693,-0.35936666,-4.480589,-2.472455,0.6592865,-4.4574323,-4.5686417,-3.3378367,-1.7153713,-4.0073557,-1.9809982,0.7663789,0.87963575,-6.5362043,-4.939849,-3.1034534,-2.780762,-3.670587,-3.4294615,-4.3205276,-4.3899465,-2.1441276,-2.7124324,-1.6842355,-2.5940413,-0.59944975,-1.8810384,0.7419237,-0.3074851,-0.96292233,0.21221492,-0.06274527,0.066029355,-1.9283487,2.78121,0.5820796,2.068562,-0.28937423,2.8662453,-0.23815915,2.8099098,-2.340964,0.43199623,5.3918552,-1.2421099,-0.51439965,2.692651,-1.0481302,-0.6690113,2.3012526,-2.431029,1.6252698,-1.9329355,-0.3959275,0.95992494,1.4068921,0.6287218,2.3638713,0.07282599,-1.0513319,2.6297472,-0.6209154,-1.8467736,0.964517,-1.6780984,-0.54234964,1.9499997,-1.0412459,-2.1772885,2.1693866,-0.3121462,-0.5404458,1.3298423,0.8900257,0.23242587,-1.5331969,3.4858012,0.8472034,0.63894796,15
-13.936965,-17.867851,-14.836421,-13.629602,-10.536134,-11.381441,-13.100112,-10.139731,1.4994018,9.664231,16.385683,19.148048,30.922834,26.82238,22.023413,12.810984,10.897762,2.4911964,-11.519694,-24.025166,-31.959408,-26.176315,-24.050531,-11.272311,5.1175246,7.6497717,0.2218386,18.405436,35.49685,26.391373,21.893583,16.529608,10.761882,-3.7737722,-0.65810126,-5.3815036,-10.32316,-14.901268,-20.243511,-16.051254,-23.60922,-23.519226,-15.076537,-7.4301405,-2.9256818,8.615156,12.405866,18.881956,15.135461,18.023878,14.976399,18.4108,-49.416233,-26.649036,0.011441067,-5.266506,-0.709465,-2.4907906,-4.3401985,-2.039217,-0.32942456,-1.3478577,-2.3067045,-3.5835774,-3.8189523,-5.0388694,-1.1447752,-1.6866872,-2.1958468,-1.0014933,-3.4625082,-1.8792504,-0.4276212,-2.700364,-1.6517544,-0.7143223,-3.1457071,-0.4781115,-0.89844435,-2.6474159,-0.947261,1.519014,-1.764985,0.71230245,-0.31811705,-2.6056056,3.8169274,-3.2895584,-0.6458578,3.122468,1.9632243,0.9232563,1.9883486,-0.32841775,-0.53886443,0.5217557,0.93547434,-0.1580068,-1.2659688,-1.8152156,-0.030151587,-0.44863075,-2.0176368,-2.1492352,-0.7804694,0.012725592,0.9108764,-2.7058444,-0.17146903,-0.29623488,-0.9307298,-6.0189104,-1.9565864,-0.7949498,-0.10831848,-1.0535061,-1.1094569,-2.4336276,-2.1025121,-0.8508311,-2.589515,-1.4339217,-2.7811441,-2.8030736,-3.345819,-4.4496636,-4.759997,-3.6732616,-0.91354126,-3.3139973,-4.7138677,-3.631025,-4.3163476,-3.5543416,-5.310825,-1.7893193,1.5843512,1.7339773,-2.4994783,2.823348,2.1778283,3.3850036,2.4577062,0.78821915,0.75333214,-0.36053446,-1.5044158,1.5437961,-2.5649414,-3.4584985,-1.7982409,-4.3930073,-5.7903495,-2.777978,-5.1039505,0.42255503,-4.4816413,0.14242822,-3.116501,-4.6002674,-1.5582411,-4.174175,-3.1146436,-4.3415103,-2.6349056,-4.0602965,-7.098,-0.89186287,-2.1591911,-6.7228584,-6.1896076,-0.60823,-3.0521808,-2.6101995,-4.02282,-2.1796315,-4.6785903,-0.65682405,-2.9323094,-1.8521419,-2.499744,-1.818505,-0.9497884,2.7966554,1.8386703,1.4160203,-0.066441685,1.9725125,-1.9061518,-2.2307515,1.6638762,-0.93201387,1.6616796,-1.4538692,3.590207,1.7728177,2.9715621,-1.8455913,3.3626978,3.0952375,1.6221194,1.6897875,3.3267457,1.947529,-0.59766155,2.1984165,-3.8750718,1.9631288,-0.06325373,-0.96633613,2.0294013,-1.5117004,-0.18040013,2.8938236,1.6939131,1.8833853,0.9432656,1.0363001,-0.57602465,-1.8773108,-1.1968851,0.33102733,1.7991515,-1.7078758,-0.85975415,-1.6509992,-1.564624,-1.4398681,0.4410675,0.16829789,-0.21330233,0.8495312,1.2213714,1.7775165,0.14654064,16
-19.337358,46.081528,27.309414,8.947565,-10.12583,-24.939985,-30.759884,-46.735233,-45.7408,-40.992973,-28.660763,-18.926579,1.6068559,15.539944,19.515171,25.147623,38.804012,32.44952,31.760286,19.157267,-0.5369845,-0.0075330734,-9.0789,-8.01374,-5.542882,-10.426565,1.2347611,-1.4981117,16.109447,2.5743375,8.917869,8.426504,5.2996893,-0.42505932,0.9237418,0.49412125,-2.9514704,-4.570958,-9.730571,-7.938745,-9.095895,-12.51262,-8.98229,-0.68083906,2.038348,11.485657,11.791344,9.764389,1.3549173,2.2519002,-4.6650476,1.5107946,-61.593063,-33.413002,0.780262,-0.42955425,-1.8804032,-0.3047498,-3.3806157,-3.1899402,-3.1061382,0.6728163,-0.963336,-2.4728885,-3.5033488,-1.9376038,-2.7813168,-3.1064618,-0.9598789,-0.49157768,-3.198915,-0.74326855,-3.4440713,-0.46972287,-2.1389008,1.3101423,-3.7031307,0.14687127,-0.49195844,-2.029773,-1.3415644,-2.54752,-0.59151113,0.78375465,1.0190388,2.804175,2.488134,-0.45116132,1.7263975,3.868624,1.4812341,3.1163821,0.3513447,0.9153604,-1.7126135,1.8263893,-0.77129894,1.5114818,1.9053392,2.5971437,0.32781935,-2.2671695,-0.61154854,-1.5257185,2.2455068,-2.3596358,-0.74982584,-0.6304184,-2.1707997,-0.6994183,-4.31933,-3.812643,-0.25960577,0.12312499,0.63891935,-2.6244965,-0.20373762,-3.428269,-3.1008244,-1.6295425,-3.2053776,-1.9628413,-0.6346591,-3.0822294,-1.6052015,-2.6061735,-4.215203,-5.346928,-2.2987218,-1.5101442,-0.667202,-1.4336452,-2.9880745,-2.5648088,-2.381212,-0.21191362,1.0777955,-0.24553037,0.10167694,2.0304923,2.563468,-2.0525062,3.2483032,-0.14661938,-1.3182285,1.2983861,-0.19629866,0.8021576,-6.3697042,-5.28174,-0.62809944,-2.9677558,-4.51604,-2.0693924,-2.8878758,-3.7172716,-1.0230645,-0.7302199,-4.840648,-3.1817827,0.2188896,-6.761341,-4.880506,-4.3346014,-0.21823493,-3.525073,-6.06433,2.4809225,-0.28898174,-4.2430363,-6.1573596,-1.7528044,-0.6229825,-3.24579,-2.8235538,-2.5389824,-4.1668625,-0.75424373,-4.9036083,-0.13855499,-3.3409984,-3.564745,-2.3233616,1.5364951,-0.90280575,1.2704573,-1.0278698,-2.1029985,-1.95545,-0.74668443,0.11461812,0.63580567,1.8097504,0.2509674,5.459594,-2.2615123,3.171637,0.119666286,2.6643865,5.5671315,1.4954128,-0.029708907,-1.1920148,1.2097373,0.39841053,1.8410736,-0.40485045,0.52553076,-0.41805854,-4.6368384,0.53846073,1.4228022,0.91172767,1.1404356,0.4282944,0.08730084,0.79606223,-1.0631212,-0.6874832,1.7299919,-0.75847715,-0.6116659,0.7628709,-0.9763879,0.11543295,1.3548983,0.98187435,0.14072451,-1.4264009,0.37473187,0.27825034,1.6219869,-2.2335122,-0.9026633,2.1521018,17
