person,6,7,8,9,10,11,12,13,14,15,16,17,18,19,20,21,22,23,24,26,27,28,29,30,31,32,33,34,35,36,37,38,39,40,41,42,43,44,45,46,47,48,49,50,51,52,54,55,56,57,58,59,60,position
-135.2569,-289.60965,-322.75702,-238.05045,-199.11044,-145.68234,-65.94598,1.4190569,23.806572,94.53539,123.33403,120.370705,175.10306,153.84778,108.516685,19.675335,-0.07215309,-20.051685,-43.447517,-60.33951,-78.26702,-145.02391,-96.76764,-70.68003,-10.094786,-39.11317,-0.3686571,18.065258,-44.2332,-24.32959,76.62839,59.52666,24.11159,5.4768195,90.97755,45.498775,115.91741,128.68234,122.188736,72.56149,90.591774,90.72413,27.839188,-30.263563,-40.51165,-84.07192,-153.28279,-156.55035,-168.19954,-215.43823,-178.04977,-202.14682,261.61197,126.359146,0
-139.25366,-146.6582,-146.72708,-124.953224,-142.69324,-89.246056,-77.96378,-35.738808,-38.64352,-26.46905,-2.8134937,-24.181198,-34.901295,-23.303452,-4.4119196,16.95851,14.113605,27.172539,46.860424,29.813637,15.923945,2.9943523,30.489426,12.498217,15.299695,4.9134007,11.130061,-25.530134,-25.313946,-51.00485,5.387988,-10.44968,-24.656107,-20.094921,-32.943546,-16.527256,3.0172634,7.5795755,25.984467,33.797073,37.07521,48.370464,34.118313,25.97409,32.135277,6.3028812,-21.816778,-39.388058,-31.602364,-56.64747,-44.411858,-75.05043,207.65633,49.29735,1
-104.28071,-106.21012,-90.43148,-47.785225,-11.8111,-19.468481,-59.832657,-52.769955,-57.12596,-90.57085,-82.90991,-51.86058,-63.156364,-84.133224,-74.02373,-62.148857,-37.986053,2.6757135,24.684069,73.99565,103.80757,144.49991,119.48053,61.59765,99.74708,85.986725,-5.1382904,-6.1520405,-6.6768303,-67.851616,-119.13695,-100.226974,-109.22194,-67.250084,-61.539536,-47.4712,-33.08349,6.636959,16.06694,33.375175,38.302593,55.235317,74.81722,89.10767,35.42051,69.5828,-7.267603,-60.440857,-85.752235,-85.84703,-178.954,-220.52153,104.7453,1.3663025,2
-42.169228,-65.49698,-81.00591,-51.205967,-44.9058,-17.508461,7.5280924,37.239597,16.703707,21.509293,17.30233,0.40747452,-28.723726,-31.145405,-8.875229,1.578655,-6.0581903,-2.0475836,-20.890156,-11.574896,-11.153606,-21.127851,-17.996315,-3.3273392,-5.74049,4.8842664,-0.36311227,11.719488,-7.9711256,21.68608,34.504173,10.342838,17.270035,-7.3484073,7.3561745,-9.737894,13.364826,25.6668,32.381443,17.968588,15.999222,24.362,29.224188,39.686657,4.823689,-7.3168454,-24.14281,-46.010063,-66.50381,-69.98095,-77.097664,-98.9988,77.60832,66.62654,3
-170.35173,-118.483955,-129.45988,-78.61566,-34.535164,-1.8539164,-3.7050343,27.820135,32.88419,52.750977,37.867214,88.36351,85.87748,60.210106,24.069963,-9.341863,-45.54852,-39.91027,15.942976,3.5102458,-4.4530816,-63.872166,-31.38481,-101.05253,-78.072296,-99.82524,-2.2679555,-32.450943,-92.14792,-102.19055,-39.297997,-35.79429,-53.30509,-20.567953,42.928303,55.10541,49.169323,103.52135,97.27002,78.360756,182.1939,201.72722,159.57913,100.882744,101.22496,26.176315,-68.10162,-89.52114,-81.755615,-164.9718,-177.0683,-275.8223,193.06766,17.15543,4
-139.57103,-223.62425,-218.21475,-150.86147,-119.197845,-91.07788,-96.71601,-85.30715,-73.02888,-51.052048,-34.282543,29.827744,42.832016,17.438194,28.667408,5.256377,22.47037,46.701202,47.68915,58.022366,41.581802,56.923187,30.279247,-15.378302,23.691923,17.01709,8.238821,36.82867,-1.125103,-58.542515,-76.627106,-79.325905,-86.69558,-33.75092,-14.022949,-26.872393,-20.342733,5.2031727,13.764045,69.5665,73.69316,118.638565,158.43208,161.63702,115.19317,109.62039,18.676434,-43.699886,-104.69266,-152.99242,-254.33163,-321.62808,70.93552,12.076754,5
30.099913,-142.25694,-70.23118,-28.172485,32.9264,66.80752,12.747114,61.72924,40.78962,-22.059347,-67.09287,-32.11914,-93.99881,-108.34833,-123.53052,-94.44442,-114.843544,-60.675457,39.440605,80.8508,149.79135,155.55316,154.12186,45.824352,33.776688,29.17199,-1.4045978,-5.6585765,-43.828995,-102.092316,-115.755424,-86.29402,-114.00307,-45.78037,-68.64208,-25.637566,-31.506264,6.313722,64.05764,43.88195,138.84119,152.11086,129.14883,109.91017,89.8945,45.198624,-15.081792,-93.33078,-44.073082,-70.05095,-96.40285,-190.71106,215.03041,35.45314,6
4.085375,-132.70363,-152.2165,-141.76453,-162.68665,-162.852,-93.31408,-125.71482,-128.71317,-87.49774,-47.877945,1.1256638,61.838367,73.132996,69.15909,85.25793,92.4574,85.01398,111.01453,92.61875,65.718544,25.8474,38.080223,10.235455,-14.290688,-43.84964,5.6272135,-54.826782,-93.10397,-93.50744,-56.62194,-54.68416,-54.411747,-25.965937,-1.5304451,5.4703064,22.970001,51.307228,63.518974,58.17058,93.664825,109.34858,106.52194,89.02377,80.20512,77.53461,18.604815,0.5092888,-72.355896,-135.39265,-208.1096,-275.43906,58.024456,11.725621,7
-54.19644,-179.05704,-137.25949,-100.56921,-36.32538,-6.6740866,-24.306488,-13.102076,-2.915328,-18.001896,-40.838234,-16.564901,-35.939495,-76.87593,-83.188705,-79.340515,-92.260895,-20.631744,34.918495,62.331467,114.54364,142.5224,137.3926,54.052765,88.140236,82.10206,1.4121276,21.84211,5.3012953,-49.915524,-84.44211,-28.764645,-81.28471,-51.54065,-14.362831,-30.741308,-23.695557,-9.351267,25.260893,50.511326,52.841476,38.757782,47.785736,46.617405,24.78106,13.405042,-7.830675,-88.34689,-82.02528,-89.46438,-118.2338,-163.06079,69.75789,-35.383575,8
-60.62074,62.747665,48.568214,50.596992,49.11423,14.752136,-17.152977,-53.92052,-63.684032,-83.99028,-75.17627,-13.444023,-7.5436172,-39.17323,-54.998596,-47.244675,-40.861713,-18.095114,10.6104355,21.148224,28.055986,65.321915,50.508755,-1.324439,28.873262,13.853653,1.5378827,41.475883,44.59602,3.736516,-55.254753,-39.226894,-104.12626,-44.136517,-57.40274,-57.633755,-89.39847,-72.75048,-63.238632,-6.1528,-5.587044,14.672562,87.12193,101.684555,104.54358,131.71051,104.14215,47.33725,19.248268,-19.207848,-155.87682,-263.90988,-29.19167,-48.388775,9
-104.530075,-170.60004,-177.24469,-143.08237,-125.32388,-94.116455,-47.65081,-32.037952,9.495447,47.80258,48.777344,82.64064,95.9837,65.787186,45.7971,16.749714,-28.402073,-21.2883,-12.443469,-5.571121,0.30493736,-22.743904,8.049448,-9.556397,16.125122,-6.485325,-2.8340092,-10.459445,-24.096497,-36.563465,-23.432648,-6.209592,-54.98398,-39.92029,25.617146,-10.1748,28.118961,55.605442,56.24729,72.080505,94.37574,88.11018,70.47776,39.822075,25.788876,4.286696,-68.46971,-60.159954,-80.21917,-107.83906,-121.7673,-177.60329,111.95585,-5.1888285,10
-137.76349,54.561203,8.045326,-33.908318,-68.759705,-89.742546,-64.39227,-128.84111,-96.762695,-77.589165,-43.504936,32.844692,70.11331,66.969154,41.44801,52.474884,42.84882,58.29392,83.82209,70.67545,29.300076,31.580418,38.565464,-19.24937,-2.7306576,-41.325596,4.37404,-43.084885,-39.89863,-91.596756,-96.72976,-66.45097,-112.40691,-41.102493,-39.44538,-37.97764,-51.569035,-29.005783,-23.40614,35.67115,83.739716,104.469696,122.54671,123.74569,161.71323,154.96706,89.7918,42.932877,6.555664,-94.49018,-196.23811,-335.10028,21.80094,-67.60985,11
-115.980995,-57.31538,-101.43164,-103.33398,-134.33765,-137.60463,-101.68994,-106.72223,-83.98749,-30.419117,3.215423,36.95428,98.25089,90.46505,83.786194,57.417217,46.867096,54.41418,34.48159,17.745953,-17.53344,-30.684914,-32.33139,-44.67723,-15.182564,-35.38197,-5.3464217,-37.96274,-58.363956,-48.511135,-12.636616,17.182432,2.6158829,-16.743546,71.095604,37.802162,69.415504,88.56744,67.30864,63.251137,49.242165,26.400387,17.791819,0.20158195,-8.366283,8.914038,-41.616768,-10.526169,-64.13238,-96.432846,-151.37624,-186.8703,18.315987,-26.01227,12
-46.53835,-148.0246,-156.36119,-152.11005,-96.94384,-91.17548,-43.51498,-110.72199,-28.706598,3.4557323,12.324775,99.592834,166.20651,137.98383,67.47356,48.424477,18.459263,2.4285545,33.725643,26.855171,20.703064,44.779686,51.988304,-40.137848,-0.24825191,-14.269089,0.59850025,-24.370722,-32.183083,-96.82677,-134.78172,-59.3075,-137.65277,-67.83241,-25.629574,-39.910244,-57.756298,-33.40823,-0.35937834,70.885735,117.93071,157.30849,164.02583,145.12401,194.88232,220.5201,127.92877,63.796455,3.1462708,-150.75319,-322.83627,-527.06134,13.353509,-94.31142,13
14.057735,-31.635582,-25.849638,0.06800842,19.87335,35.489662,13.845494,52.819454,38.173386,28.512169,12.19729,-8.087463,-28.642748,-37.52455,-44.51801,-51.84012,-62.288456,-41.385063,-26.254448,-17.299656,-3.6486168,-26.9167,-15.442404,-13.502975,-26.265703,-22.627949,-2.2656088,-11.67285,-31.771652,-4.4077797,42.906574,41.90213,53.50426,23.802818,59.756004,57.41595,71.412605,60.75971,42.474834,19.565325,6.906825,-2.30408,-41.59712,-60.735126,-65.08734,-88.22136,-82.025185,-51.11432,-32.836243,-22.407259,44.006813,80.46358,34.1795,30.971607,14
-28.084488,-113.96804,-93.254456,-88.82455,-30.904596,-34.95184,-20.531305,-23.66866,25.299902,46.32242,71.57828,83.737465,113.83191,70.23554,37.141327,-19.495682,-35.034683,-39.509277,-62.25272,-53.883194,-32.00763,-16.30908,4.2515755,14.76544,44.12198,42.601536,-9.670478,40.172115,44.17077,6.9756937,-13.331362,-14.303869,-26.65245,-19.948969,-19.563574,-20.171375,-41.98049,-25.360737,-25.820656,2.2297368,14.558061,23.96678,31.643557,33.051205,49.63413,40.385952,38.74849,11.481526,-2.9299703,-15.62527,-31.197113,-56.071003,-122.598526,-66.07814,15
-18.623018,-56.331787,-69.00807,-66.38534,-44.345074,-55.459827,-37.89857,-40.05417,-12.68889,19.896797,66.72082,74.65849,109.86718,85.843025,71.45587,22.77675,21.193035,1.9996958,-42.549072,-47.721375,-63.024124,-42.13288,-33.519073,-3.550232,29.237278,33.79321,-3.8488207,26.9707,50.929737,25.31563,4.3692236,0.7238445,-4.310856,-20.970758,-20.154402,-26.338566,-34.784252,-26.941046,-36.38176,-9.27853,-20.896576,-13.777947,11.095036,24.05484,33.117023,36.977253,43.48995,27.541086,4.3173294,2.7967834,-7.704294,-19.16582,-103.086624,-44.511738,16
-64.48553,5.0605507,-21.454937,-34.418213,-44.404556,-64.954384,-37.428696,-85.65279,-56.024796,-20.74565,22.821657,49.573826,95.25589,82.20194,56.527847,14.557367,18.211021,1.5922031,-20.572525,-37.6124,-63.92595,-36.73941,-32.59901,-7.0299997,25.885405,24.46342,-4.397503,39.53311,58.39108,26.097164,17.093687,21.450106,-4.596526,-13.566319,1.316555,-15.157267,-30.516191,-28.056625,-38.689854,0.08488464,-15.869902,-15.376454,4.9139833,10.6071205,36.907303,49.54629,53.72608,32.908356,2.3312902,-20.352722,-40.379143,-80.35544,-128.10678,-66.35907,17
